city,date,weather_satisfaction,air_quality_satisfaction
Islamabad,1980-01-02,5,7
Islamabad,1980-01-12,3,10
Islamabad,1980-01-20,6,5
Islamabad,1980-01-25,4,5
Islamabad,1980-02-04,6,9
Islamabad,1980-02-09,6,10
Islamabad,1980-02-13,6,8
Islamabad,1980-02-22,4,8
Islamabad,1980-02-27,6,6
Islamabad,1980-03-07,8,7
Islamabad,1980-03-16,9,7
Islamabad,1980-03-18,9,8
Islamabad,1980-03-25,9,8
Islamabad,1980-04-03,7,7
Islamabad,1980-04-13,10,8
Islamabad,1980-04-15,9,9
Islamabad,1980-04-24,10,8
Islamabad,1980-04-30,9,8
Islamabad,1980-05-12,7,7
Islamabad,1980-05-18,8,9
Islamabad,1980-05-21,9,7
Islamabad,1980-06-02,5,7
Islamabad,1980-06-09,1,7
Islamabad,1980-06-11,5,7
Islamabad,1980-06-21,5,6
Islamabad,1980-06-28,6,8
Islamabad,1980-07-07,7,8
Islamabad,1980-07-14,5,9
Islamabad,1980-07-21,3,8
Islamabad,1980-07-25,5,6
Islamabad,1980-08-02,5,8
Islamabad,1980-08-06,3,7
Islamabad,1980-08-17,6,8
Islamabad,1980-08-19,3,6
Islamabad,1980-08-26,4,8
Islamabad,1980-09-07,7,8
Islamabad,1980-09-11,8,6
Islamabad,1980-09-17,7,7
Islamabad,1980-09-25,7,7
Islamabad,1980-09-30,7,8
Islamabad,1980-10-12,10,7
Islamabad,1980-10-14,7,8
Islamabad,1980-10-22,7,8
Islamabad,1980-10-28,9,9
Islamabad,1980-11-04,9,6
Islamabad,1980-11-11,6,1
Islamabad,1980-11-20,8,8
Islamabad,1980-12-01,6,8
Islamabad,1980-12-04,5,7
Islamabad,1980-12-14,8,7
Islamabad,1980-12-18,4,9
Islamabad,1980-12-29,8,8
Islamabad,1980-12-30,7,6
Islamabad,1981-01-08,5,6
Islamabad,1981-01-16,4,6
Islamabad,1981-01-20,6,4
Islamabad,1981-01-30,4,8
Islamabad,1981-02-06,6,6
Islamabad,1981-02-11,4,9
Islamabad,1981-02-20,6,9
Islamabad,1981-02-25,7,9
Islamabad,1981-03-03,9,8
Islamabad,1981-03-12,7,10
Islamabad,1981-03-18,6,8
Islamabad,1981-03-24,7,8
Islamabad,1981-03-31,9,8
Islamabad,1981-04-08,8,10
Islamabad,1981-04-18,9,9
Islamabad,1981-04-25,7,9
Islamabad,1981-05-02,5,6
Islamabad,1981-05-05,7,6
Islamabad,1981-05-12,9,6
Islamabad,1981-05-21,7,7
Islamabad,1981-05-28,7,5
Islamabad,1981-06-06,6,7
Islamabad,1981-06-11,3,8
Islamabad,1981-06-19,6,6
Islamabad,1981-06-29,4,8
Islamabad,1981-07-02,5,7
Islamabad,1981-07-11,5,8
Islamabad,1981-07-17,4,7
Islamabad,1981-07-25,7,7
Islamabad,1981-07-31,5,6
Islamabad,1981-08-10,7,8
Islamabad,1981-08-12,6,9
Islamabad,1981-08-21,5,7
Islamabad,1981-08-31,5,8
Islamabad,1981-09-02,9,8
Islamabad,1981-09-14,8,5
Islamabad,1981-09-15,10,10
Islamabad,1981-09-22,9,9
Islamabad,1981-10-02,8,9
Islamabad,1981-10-12,10,7
Islamabad,1981-10-14,9,8
Islamabad,1981-10-21,10,8
Islamabad,1981-10-31,10,8
Islamabad,1981-11-03,7,7
Islamabad,1981-11-13,8,5
Islamabad,1981-11-20,6,6
Islamabad,1981-11-25,6,6
Islamabad,1981-12-06,6,8
Islamabad,1981-12-09,7,7
Islamabad,1981-12-17,5,7
Islamabad,1981-12-23,5,8
Islamabad,1982-01-02,5,6
Islamabad,1982-01-11,6,9
Islamabad,1982-01-16,5,7
Islamabad,1982-01-21,3,7
Islamabad,1982-01-27,6,6
Islamabad,1982-02-07,6,7
Islamabad,1982-02-15,5,8
Islamabad,1982-02-21,6,8
Islamabad,1982-02-26,7,9
Islamabad,1982-03-07,10,9
Islamabad,1982-03-14,9,7
Islamabad,1982-03-19,8,8
Islamabad,1982-03-26,8,8
Islamabad,1982-04-05,8,9
Islamabad,1982-04-12,9,7
Islamabad,1982-04-19,8,8
Islamabad,1982-04-23,9,9
Islamabad,1982-05-02,7,5
Islamabad,1982-05-04,8,5
Islamabad,1982-05-13,8,7
Islamabad,1982-05-23,7,5
Islamabad,1982-05-29,8,1
Islamabad,1982-06-02,7,8
Islamabad,1982-06-12,4,5
Islamabad,1982-06-17,5,5
Islamabad,1982-06-26,6,7
Islamabad,1982-07-05,5,6
Islamabad,1982-07-10,7,8
Islamabad,1982-07-14,3,8
Islamabad,1982-07-24,5,7
Islamabad,1982-07-29,7,7
Islamabad,1982-08-09,7,7
Islamabad,1982-08-13,6,7
Islamabad,1982-08-22,6,8
Islamabad,1982-08-27,6,6
Islamabad,1982-09-04,8,9
Islamabad,1982-09-13,6,9
Islamabad,1982-09-15,8,6
Islamabad,1982-09-24,8,8
Islamabad,1982-10-03,10,8
Islamabad,1982-10-05,9,9
Islamabad,1982-10-16,8,8
Islamabad,1982-10-25,8,7
Islamabad,1982-10-26,9,9
Islamabad,1982-11-05,8,6
Islamabad,1982-11-14,5,6
Islamabad,1982-11-21,5,7
Islamabad,1982-11-23,8,8
Islamabad,1982-12-04,6,8
Islamabad,1982-12-12,5,7
Islamabad,1982-12-15,6,7
Islamabad,1982-12-27,6,6
Islamabad,1982-12-31,5,5
Islamabad,1983-01-07,4,7
Islamabad,1983-01-17,5,6
Islamabad,1983-01-19,2,6
Islamabad,1983-01-29,3,6
Islamabad,1983-02-03,5,9
Islamabad,1983-02-13,6,10
Islamabad,1983-02-20,4,7
Islamabad,1983-02-28,7,8
Islamabad,1983-03-04,7,7
Islamabad,1983-03-14,7,8
Islamabad,1983-03-19,6,8
Islamabad,1983-03-28,9,8
Islamabad,1983-04-04,10,8
Islamabad,1983-04-06,10,9
Islamabad,1983-04-12,10,8
Islamabad,1983-04-25,1,8
Islamabad,1983-04-26,10,9
Islamabad,1983-05-08,8,5
Islamabad,1983-05-15,7,7
Islamabad,1983-05-17,6,6
Islamabad,1983-05-25,6,9
Islamabad,1983-06-01,5,6
Islamabad,1983-06-10,4,6
Islamabad,1983-06-19,5,7
Islamabad,1983-06-26,5,6
Islamabad,1983-07-04,5,7
Islamabad,1983-07-11,5,6
Islamabad,1983-07-15,5,6
Islamabad,1983-07-19,5,7
Islamabad,1983-07-30,3,9
Islamabad,1983-08-06,6,5
Islamabad,1983-08-12,6,6
Islamabad,1983-08-22,5,8
Islamabad,1983-08-26,5,6
Islamabad,1983-08-30,5,7
Islamabad,1983-09-07,8,8
Islamabad,1983-09-19,8,9
Islamabad,1983-09-26,8,6
Islamabad,1983-10-01,10,8
Islamabad,1983-10-04,10,6
Islamabad,1983-10-14,8,6
Islamabad,1983-10-23,9,8
Islamabad,1983-10-27,7,8
Islamabad,1983-11-04,9,8
Islamabad,1983-11-10,7,6
Islamabad,1983-11-16,8,6
Islamabad,1983-11-24,9,8
Islamabad,1983-11-30,8,6
Islamabad,1983-12-10,8,6
Islamabad,1983-12-16,4,7
Islamabad,1983-12-25,1,7
Islamabad,1983-12-31,10,10
Islamabad,1984-01-04,3,8
Islamabad,1984-01-16,4,6
Islamabad,1984-01-17,5,8
Islamabad,1984-01-29,4,8
Islamabad,1984-02-01,6,8
Islamabad,1984-02-09,7,10
Islamabad,1984-02-16,6,6
Islamabad,1984-02-27,5,8
Islamabad,1984-03-02,9,8
Islamabad,1984-03-07,9,9
Islamabad,1984-03-19,7,8
Islamabad,1984-03-20,9,6
Islamabad,1984-03-31,8,6
Islamabad,1984-04-07,8,8
Islamabad,1984-04-12,9,9
Islamabad,1984-04-22,10,9
Islamabad,1984-04-30,9,8
Islamabad,1984-05-01,8,6
Islamabad,1984-05-08,6,8
Islamabad,1984-05-19,7,7
Islamabad,1984-05-27,7,8
Islamabad,1984-06-04,5,7
Islamabad,1984-06-08,4,7
Islamabad,1984-06-15,4,7
Islamabad,1984-06-21,10,7
Islamabad,1984-06-28,4,8
Islamabad,1984-07-05,5,7
Islamabad,1984-07-12,3,8
Islamabad,1984-07-19,4,8
Islamabad,1984-07-28,5,9
Islamabad,1984-08-06,3,5
Islamabad,1984-08-11,4,8
Islamabad,1984-08-20,6,7
Islamabad,1984-08-25,5,8
Islamabad,1984-08-28,5,6
Islamabad,1984-09-07,7,7
Islamabad,1984-09-16,8,9
Islamabad,1984-09-24,9,7
Islamabad,1984-10-01,9,7
Islamabad,1984-10-03,10,7
Islamabad,1984-10-15,8,6
Islamabad,1984-10-16,7,9
Islamabad,1984-10-28,9,7
Islamabad,1984-10-31,9,7
Islamabad,1984-11-08,7,7
Islamabad,1984-11-16,6,6
Islamabad,1984-11-22,7,7
Islamabad,1984-12-02,6,8
Islamabad,1984-12-06,5,8
Islamabad,1984-12-17,7,6
Islamabad,1984-12-19,5,7
Islamabad,1984-12-31,7,7
Islamabad,1985-01-06,4,6
Islamabad,1985-01-10,5,5
Islamabad,1985-01-20,5,6
Islamabad,1985-01-22,4,7
Islamabad,1985-01-30,7,8
Islamabad,1985-02-08,5,7
Islamabad,1985-02-12,7,8
Islamabad,1985-02-19,5,10
Islamabad,1985-03-03,9,9
Islamabad,1985-03-07,9,10
Islamabad,1985-03-14,9,6
Islamabad,1985-03-22,9,5
Islamabad,1985-03-28,9,9
Islamabad,1985-04-05,10,8
Islamabad,1985-04-14,9,8
Islamabad,1985-04-22,7,8
Islamabad,1985-04-26,9,10
Islamabad,1985-05-05,6,7
Islamabad,1985-05-07,7,5
Islamabad,1985-05-15,5,8
Islamabad,1985-05-24,5,7
Islamabad,1985-06-03,5,4
Islamabad,1985-06-09,3,7
Islamabad,1985-06-14,1,8
Islamabad,1985-06-24,4,8
Islamabad,1985-07-01,4,7
Islamabad,1985-07-03,3,7
Islamabad,1985-07-12,5,7
Islamabad,1985-07-22,5,7
Islamabad,1985-07-26,6,7
Islamabad,1985-08-04,1,9
Islamabad,1985-08-08,6,6
Islamabad,1985-08-17,6,8
Islamabad,1985-08-24,5,7
Islamabad,1985-08-28,6,9
Islamabad,1985-09-08,8,7
Islamabad,1985-09-14,8,9
Islamabad,1985-09-21,7,6
Islamabad,1985-09-25,7,7
Islamabad,1985-10-03,10,10
Islamabad,1985-10-14,9,8
Islamabad,1985-10-20,9,8
Islamabad,1985-10-27,8,9
Islamabad,1985-10-29,9,9
Islamabad,1985-11-08,6,4
Islamabad,1985-11-13,6,6
Islamabad,1985-11-19,7,6
Islamabad,1985-11-30,6,7
Islamabad,1985-12-04,7,8
Islamabad,1985-12-10,6,6
Islamabad,1985-12-18,7,6
Islamabad,1985-12-24,4,6
Islamabad,1985-12-31,6,7
Islamabad,1986-01-12,10,7
Islamabad,1986-01-16,7,8
Islamabad,1986-01-23,4,7
Islamabad,1986-02-03,4,10
Islamabad,1986-02-09,6,8
Islamabad,1986-02-12,4,8
Islamabad,1986-02-23,6,7
Islamabad,1986-03-01,9,9
Islamabad,1986-03-06,8,8
Islamabad,1986-03-11,8,9
Islamabad,1986-03-24,6,9
Islamabad,1986-03-28,5,10
Islamabad,1986-04-02,10,8
Islamabad,1986-04-10,7,8
Islamabad,1986-04-19,8,8
Islamabad,1986-04-22,10,8
Islamabad,1986-04-30,10,9
Islamabad,1986-05-07,6,5
Islamabad,1986-05-18,7,8
Islamabad,1986-05-20,7,8
Islamabad,1986-05-30,6,8
Islamabad,1986-06-04,5,5
Islamabad,1986-06-14,5,6
Islamabad,1986-06-22,6,8
Islamabad,1986-06-30,5,7
Islamabad,1986-07-04,5,6
Islamabad,1986-07-12,5,6
Islamabad,1986-07-19,3,6
Islamabad,1986-07-28,10,7
Islamabad,1986-07-31,4,9
Islamabad,1986-08-06,6,6
Islamabad,1986-08-16,4,8
Islamabad,1986-08-20,4,8
Islamabad,1986-08-26,6,5
Islamabad,1986-09-06,7,7
Islamabad,1986-09-13,10,8
Islamabad,1986-09-16,6,8
Islamabad,1986-09-26,7,8
Islamabad,1986-10-05,8,9
Islamabad,1986-10-09,8,9
Islamabad,1986-10-18,9,6
Islamabad,1986-10-24,10,8
Islamabad,1986-11-01,7,6
Islamabad,1986-11-07,6,6
Islamabad,1986-11-13,7,8
Islamabad,1986-11-20,7,6
Islamabad,1986-11-28,6,7
Islamabad,1986-12-07,7,7
Islamabad,1986-12-15,6,8
Islamabad,1986-12-18,3,5
Islamabad,1986-12-23,7,8
Islamabad,1987-01-04,6,7
Islamabad,1987-01-08,5,1
Islamabad,1987-01-13,5,8
Islamabad,1987-01-24,10,5
Islamabad,1987-01-27,6,8
Islamabad,1987-02-09,7,9
Islamabad,1987-02-14,6,8
Islamabad,1987-02-17,6,9
Islamabad,1987-02-24,6,7
Islamabad,1987-03-06,7,9
Islamabad,1987-03-16,10,8
Islamabad,1987-03-18,7,7
Islamabad,1987-03-29,7,8
Islamabad,1987-04-01,9,7
Islamabad,1987-04-10,10,9
Islamabad,1987-04-14,7,10
Islamabad,1987-04-22,10,10
Islamabad,1987-04-28,9,9
Islamabad,1987-05-07,5,7
Islamabad,1987-05-12,7,7
Islamabad,1987-05-25,6,6
Islamabad,1987-06-01,5,5
Islamabad,1987-06-08,5,7
Islamabad,1987-06-10,4,7
Islamabad,1987-06-22,5,6
Islamabad,1987-06-27,6,8
Islamabad,1987-06-30,4,7
Islamabad,1987-07-10,4,1
Islamabad,1987-07-16,4,8
Islamabad,1987-07-27,4,7
Islamabad,1987-07-28,3,6
Islamabad,1987-08-10,6,8
Islamabad,1987-08-11,5,7
Islamabad,1987-08-24,6,5
Islamabad,1987-08-30,6,8
Islamabad,1987-09-07,6,10
Islamabad,1987-09-12,10,8
Islamabad,1987-09-15,6,6
Islamabad,1987-09-27,9,8
Islamabad,1987-10-02,8,7
Islamabad,1987-10-06,8,6
Islamabad,1987-10-19,10,7
Islamabad,1987-10-21,10,8
Islamabad,1987-10-27,10,5
Islamabad,1987-11-03,8,9
Islamabad,1987-11-16,7,7
Islamabad,1987-11-22,7,7
Islamabad,1987-11-28,8,8
Islamabad,1987-12-05,5,8
Islamabad,1987-12-10,6,6
Islamabad,1987-12-16,5,6
Islamabad,1987-12-22,6,8
Islamabad,1988-01-03,4,5
Islamabad,1988-01-08,6,7
Islamabad,1988-01-17,5,6
Islamabad,1988-01-19,5,8
Islamabad,1988-02-01,6,7
Islamabad,1988-02-04,7,9
Islamabad,1988-02-11,6,7
Islamabad,1988-02-22,7,7
Islamabad,1988-02-26,7,9
Islamabad,1988-03-02,8,7
Islamabad,1988-03-13,8,7
Islamabad,1988-03-20,6,7
Islamabad,1988-03-25,6,8
Islamabad,1988-04-03,10,8
Islamabad,1988-04-09,10,8
Islamabad,1988-04-12,8,7
Islamabad,1988-04-19,9,8
Islamabad,1988-04-30,8,9
Islamabad,1988-05-05,6,6
Islamabad,1988-05-12,7,7
Islamabad,1988-05-18,8,6
Islamabad,1988-05-25,6,5
Islamabad,1988-06-06,5,6
Islamabad,1988-06-11,4,7
Islamabad,1988-06-14,3,6
Islamabad,1988-06-24,6,6
Islamabad,1988-07-01,6,7
Islamabad,1988-07-05,4,6
Islamabad,1988-07-13,5,7
Islamabad,1988-07-20,6,7
Islamabad,1988-07-30,2,5
Islamabad,1988-08-03,6,8
Islamabad,1988-08-10,4,7
Islamabad,1988-08-20,5,5
Islamabad,1988-08-29,6,7
Islamabad,1988-09-01,10,9
Islamabad,1988-09-10,6,9
Islamabad,1988-09-14,9,8
Islamabad,1988-09-24,6,8
Islamabad,1988-10-02,10,8
Islamabad,1988-10-04,9,8
Islamabad,1988-10-12,9,8
Islamabad,1988-10-20,8,6
Islamabad,1988-10-25,10,9
Islamabad,1988-11-04,8,5
Islamabad,1988-11-14,7,6
Islamabad,1988-11-15,7,8
Islamabad,1988-11-27,8,6
Islamabad,1988-12-01,6,7
Islamabad,1988-12-06,6,8
Islamabad,1988-12-16,5,8
Islamabad,1988-12-22,7,6
Islamabad,1988-12-30,8,8
Islamabad,1989-01-08,8,7
Islamabad,1989-01-14,6,8
Islamabad,1989-01-21,5,7
Islamabad,1989-01-25,4,7
Islamabad,1989-02-05,6,7
Islamabad,1989-02-13,6,7
Islamabad,1989-02-14,6,9
Islamabad,1989-02-24,8,7
Islamabad,1989-03-04,9,8
Islamabad,1989-03-10,9,6
Islamabad,1989-03-14,8,8
Islamabad,1989-03-27,9,9
Islamabad,1989-03-28,7,7
Islamabad,1989-04-10,9,8
Islamabad,1989-04-14,8,7
Islamabad,1989-04-19,8,9
Islamabad,1989-04-26,8,8
Islamabad,1989-05-04,6,8
Islamabad,1989-05-14,7,8
Islamabad,1989-05-17,7,7
Islamabad,1989-05-26,6,7
Islamabad,1989-06-03,2,7
Islamabad,1989-06-07,5,5
Islamabad,1989-06-17,4,8
Islamabad,1989-06-25,3,8
Islamabad,1989-06-29,6,8
Islamabad,1989-07-08,5,6
Islamabad,1989-07-16,5,7
Islamabad,1989-07-18,5,8
Islamabad,1989-07-31,7,7
Islamabad,1989-08-07,3,7
Islamabad,1989-08-12,8,8
Islamabad,1989-08-17,5,9
Islamabad,1989-08-28,5,5
Islamabad,1989-09-04,8,9
Islamabad,1989-09-08,7,9
Islamabad,1989-09-17,8,8
Islamabad,1989-09-23,8,8
Islamabad,1989-09-26,8,8
Islamabad,1989-10-05,10,6
Islamabad,1989-10-16,10,8
Islamabad,1989-10-17,7,7
Islamabad,1989-10-26,7,10
Islamabad,1989-10-31,10,9
Islamabad,1989-11-08,6,7
Islamabad,1989-11-16,7,9
Islamabad,1989-11-21,6,7
Islamabad,1989-12-04,6,6
Islamabad,1989-12-05,6,6
Islamabad,1989-12-15,7,6
Islamabad,1989-12-23,1,6
Islamabad,1989-12-31,7,8
Islamabad,1990-01-05,5,9
Islamabad,1990-01-12,5,6
Islamabad,1990-01-21,6,6
Islamabad,1990-01-23,6,5
Islamabad,1990-01-31,4,8
Islamabad,1990-02-06,7,7
Islamabad,1990-02-16,6,7
Islamabad,1990-02-22,8,8
Islamabad,1990-02-28,5,8
Islamabad,1990-03-10,7,8
Islamabad,1990-03-15,6,7
Islamabad,1990-03-26,7,7
Islamabad,1990-03-31,8,8
Islamabad,1990-04-07,9,9
Islamabad,1990-04-12,9,9
Islamabad,1990-04-23,10,7
Islamabad,1990-04-30,10,9
Islamabad,1990-05-06,7,8
Islamabad,1990-05-08,7,8
Islamabad,1990-05-16,7,6
Islamabad,1990-05-23,7,5
Islamabad,1990-06-01,5,6
Islamabad,1990-06-06,5,5
Islamabad,1990-06-16,3,6
Islamabad,1990-06-21,5,8
Islamabad,1990-06-28,5,8
Islamabad,1990-07-06,4,6
Islamabad,1990-07-11,5,7
Islamabad,1990-07-22,6,5
Islamabad,1990-07-24,6,8
Islamabad,1990-08-05,6,8
Islamabad,1990-08-10,6,7
Islamabad,1990-08-16,6,1
Islamabad,1990-08-22,4,7
Islamabad,1990-09-03,1,7
Islamabad,1990-09-09,10,7
Islamabad,1990-09-11,8,9
Islamabad,1990-09-22,8,7
Islamabad,1990-09-30,7,8
Islamabad,1990-10-02,8,6
Islamabad,1990-10-11,8,8
Islamabad,1990-10-19,7,6
Islamabad,1990-10-26,7,8
Islamabad,1990-11-04,7,5
Islamabad,1990-11-11,6,6
Islamabad,1990-11-13,6,6
Islamabad,1990-11-21,7,7
Islamabad,1990-12-01,6,8
Islamabad,1990-12-08,5,7
Islamabad,1990-12-17,1,6
Islamabad,1990-12-24,6,7
Islamabad,1990-12-26,6,7
Islamabad,1991-01-02,3,6
Islamabad,1991-01-14,5,6
Islamabad,1991-01-17,6,8
Islamabad,1991-01-25,5,6
Islamabad,1991-02-03,4,8
Islamabad,1991-02-11,5,8
Islamabad,1991-02-15,7,7
Islamabad,1991-02-20,6,8
Islamabad,1991-02-27,6,6
Islamabad,1991-03-11,7,8
Islamabad,1991-03-13,7,9
Islamabad,1991-03-24,10,6
Islamabad,1991-04-01,7,9
Islamabad,1991-04-02,10,10
Islamabad,1991-04-11,10,8
Islamabad,1991-04-21,9,7
Islamabad,1991-04-24,9,8
Islamabad,1991-05-06,7,7
Islamabad,1991-05-11,4,7
Islamabad,1991-05-20,8,7
Islamabad,1991-05-26,7,7
Islamabad,1991-06-01,5,8
Islamabad,1991-06-06,3,7
Islamabad,1991-06-12,3,8
Islamabad,1991-06-19,4,6
Islamabad,1991-07-01,5,6
Islamabad,1991-07-08,4,8
Islamabad,1991-07-11,5,6
Islamabad,1991-07-18,3,9
Islamabad,1991-07-28,5,7
Islamabad,1991-08-01,6,7
Islamabad,1991-08-09,5,8
Islamabad,1991-08-19,6,7
Islamabad,1991-08-25,7,6
Islamabad,1991-09-01,8,7
Islamabad,1991-09-07,9,10
Islamabad,1991-09-15,9,9
Islamabad,1991-09-22,8,7
Islamabad,1991-09-30,8,10
Islamabad,1991-10-04,9,6
Islamabad,1991-10-12,9,10
Islamabad,1991-10-17,8,10
Islamabad,1991-10-28,8,8
Islamabad,1991-10-29,9,10
Islamabad,1991-11-11,6,7
Islamabad,1991-11-17,9,7
Islamabad,1991-11-23,4,8
Islamabad,1991-11-26,8,8
Islamabad,1991-12-09,5,6
Islamabad,1991-12-15,7,5
Islamabad,1991-12-22,5,6
Islamabad,1991-12-29,8,6
Islamabad,1992-01-02,6,7
Islamabad,1992-01-07,3,8
Islamabad,1992-01-14,5,6
Islamabad,1992-01-22,5,6
Islamabad,1992-02-02,4,8
Islamabad,1992-02-09,7,10
Islamabad,1992-02-17,7,7
Islamabad,1992-02-22,1,9
Islamabad,1992-02-28,5,7
Islamabad,1992-03-04,9,9
Islamabad,1992-03-12,8,9
Islamabad,1992-03-22,9,6
Islamabad,1992-03-28,8,7
Islamabad,1992-04-01,7,7
Islamabad,1992-04-09,10,6
Islamabad,1992-04-17,10,9
Islamabad,1992-04-25,8,9
Islamabad,1992-05-04,6,7
Islamabad,1992-05-10,6,8
Islamabad,1992-05-12,10,7
Islamabad,1992-05-23,8,9
Islamabad,1992-06-01,4,8
Islamabad,1992-06-08,5,5
Islamabad,1992-06-10,6,5
Islamabad,1992-06-18,5,5
Islamabad,1992-06-26,3,7
Islamabad,1992-07-05,4,7
Islamabad,1992-07-08,5,8
Islamabad,1992-07-18,4,6
Islamabad,1992-07-23,5,8
Islamabad,1992-08-03,8,7
Islamabad,1992-08-04,5,7
Islamabad,1992-08-13,5,6
Islamabad,1992-08-19,8,7
Islamabad,1992-08-29,6,7
Islamabad,1992-09-04,9,8
Islamabad,1992-09-14,7,9
Islamabad,1992-09-15,8,10
Islamabad,1992-09-24,8,9
Islamabad,1992-10-04,9,7
Islamabad,1992-10-08,7,7
Islamabad,1992-10-15,8,10
Islamabad,1992-10-20,9,7
Islamabad,1992-11-02,7,6
Islamabad,1992-11-06,8,6
Islamabad,1992-11-10,7,8
Islamabad,1992-11-20,7,6
Islamabad,1992-11-29,5,10
Islamabad,1992-12-06,4,6
Islamabad,1992-12-10,7,7
Islamabad,1992-12-18,6,9
Islamabad,1992-12-28,7,7
Islamabad,1992-12-30,7,7
Islamabad,1993-01-08,6,8
Islamabad,1993-01-12,4,4
Islamabad,1993-01-19,4,9
Islamabad,1993-01-27,5,8
Islamabad,1993-02-06,8,8
Islamabad,1993-02-10,6,8
Islamabad,1993-02-18,6,7
Islamabad,1993-02-26,5,7
Islamabad,1993-03-07,9,7
Islamabad,1993-03-13,8,8
Islamabad,1993-03-20,7,7
Islamabad,1993-03-26,5,7
Islamabad,1993-04-04,7,9
Islamabad,1993-04-07,9,8
Islamabad,1993-04-13,7,8
Islamabad,1993-04-26,10,1
Islamabad,1993-04-30,8,8
Islamabad,1993-05-04,8,6
Islamabad,1993-05-15,7,6
Islamabad,1993-05-24,6,8
Islamabad,1993-05-28,8,7
Islamabad,1993-06-07,5,6
Islamabad,1993-06-09,5,7
Islamabad,1993-06-16,4,6
Islamabad,1993-06-22,4,7
Islamabad,1993-06-30,4,10
Islamabad,1993-07-10,4,8
Islamabad,1993-07-14,6,5
Islamabad,1993-07-23,4,7
Islamabad,1993-07-27,4,9
Islamabad,1993-08-03,5,10
Islamabad,1993-08-14,6,5
Islamabad,1993-08-18,6,8
Islamabad,1993-08-30,9,8
Islamabad,1993-09-01,9,6
Islamabad,1993-09-13,6,7
Islamabad,1993-09-16,8,8
Islamabad,1993-09-21,7,7
Islamabad,1993-10-01,10,8
Islamabad,1993-10-11,9,6
Islamabad,1993-10-13,9,8
Islamabad,1993-10-19,10,8
Islamabad,1993-10-26,9,10
Islamabad,1993-11-02,6,9
Islamabad,1993-11-11,8,6
Islamabad,1993-11-20,6,9
Islamabad,1993-11-24,5,7
Islamabad,1993-12-02,7,8
Islamabad,1993-12-13,4,8
Islamabad,1993-12-18,5,6
Islamabad,1993-12-25,6,8
Islamabad,1993-12-28,6,8
Islamabad,1994-01-09,6,7
Islamabad,1994-01-16,3,8
Islamabad,1994-01-23,4,7
Islamabad,1994-01-25,5,6
Islamabad,1994-02-03,6,8
Islamabad,1994-02-13,6,9
Islamabad,1994-02-17,6,8
Islamabad,1994-02-27,6,8
Islamabad,1994-03-02,9,9
Islamabad,1994-03-13,10,7
Islamabad,1994-03-15,10,8
Islamabad,1994-03-22,7,7
Islamabad,1994-04-03,9,9
Islamabad,1994-04-11,8,7
Islamabad,1994-04-16,9,8
Islamabad,1994-04-22,10,8
Islamabad,1994-04-28,7,8
Islamabad,1994-05-09,6,10
Islamabad,1994-05-14,7,8
Islamabad,1994-05-19,7,8
Islamabad,1994-05-25,7,6
Islamabad,1994-06-01,6,5
Islamabad,1994-06-09,5,7
Islamabad,1994-06-14,4,8
Islamabad,1994-06-23,5,7
Islamabad,1994-07-04,3,10
Islamabad,1994-07-06,6,7
Islamabad,1994-07-15,6,7
Islamabad,1994-07-24,4,7
Islamabad,1994-07-26,4,7
Islamabad,1994-08-03,6,6
Islamabad,1994-08-10,4,6
Islamabad,1994-08-20,6,7
Islamabad,1994-08-23,5,8
Islamabad,1994-09-01,7,8
Islamabad,1994-09-09,10,9
Islamabad,1994-09-18,7,8
Islamabad,1994-09-23,8,10
Islamabad,1994-09-28,7,9
Islamabad,1994-10-09,9,9
Islamabad,1994-10-12,9,8
Islamabad,1994-10-21,8,7
Islamabad,1994-10-29,10,7
Islamabad,1994-11-06,7,8
Islamabad,1994-11-08,6,5
Islamabad,1994-11-18,6,7
Islamabad,1994-11-24,7,8
Islamabad,1994-12-01,7,8
Islamabad,1994-12-09,5,7
Islamabad,1994-12-15,6,9
Islamabad,1994-12-22,6,8
Islamabad,1995-01-01,5,7
Islamabad,1995-01-05,4,6
Islamabad,1995-01-14,5,7
Islamabad,1995-01-22,7,8
Islamabad,1995-01-25,4,6
Islamabad,1995-02-04,6,8
Islamabad,1995-02-13,6,8
Islamabad,1995-02-15,5,8
Islamabad,1995-02-25,5,7
Islamabad,1995-03-05,6,9
Islamabad,1995-03-11,8,8
Islamabad,1995-03-18,9,7
Islamabad,1995-03-21,7,7
Islamabad,1995-03-30,8,6
Islamabad,1995-04-08,1,9
Islamabad,1995-04-12,9,7
Islamabad,1995-04-19,9,6
Islamabad,1995-04-27,9,5
Islamabad,1995-05-05,7,10
Islamabad,1995-05-10,1,8
Islamabad,1995-05-22,7,7
Islamabad,1995-05-23,5,7
Islamabad,1995-06-02,4,5
Islamabad,1995-06-12,7,3
Islamabad,1995-06-14,4,8
Islamabad,1995-06-21,4,7
Islamabad,1995-06-29,3,8
Islamabad,1995-07-05,4,8
Islamabad,1995-07-16,5,9
Islamabad,1995-07-19,4,6
Islamabad,1995-07-31,3,10
Islamabad,1995-08-01,6,8
Islamabad,1995-08-09,5,7
Islamabad,1995-08-16,5,6
Islamabad,1995-08-25,5,8
Islamabad,1995-09-02,7,9
Islamabad,1995-09-10,8,8
Islamabad,1995-09-15,7,10
Islamabad,1995-09-24,8,6
Islamabad,1995-09-28,8,8
Islamabad,1995-10-03,8,8
Islamabad,1995-10-10,8,7
Islamabad,1995-10-18,9,9
Islamabad,1995-10-27,10,9
Islamabad,1995-11-05,8,6
Islamabad,1995-11-09,6,8
Islamabad,1995-11-19,7,8
Islamabad,1995-11-23,7,7
Islamabad,1995-12-02,7,5
Islamabad,1995-12-06,6,6
Islamabad,1995-12-14,7,6
Islamabad,1995-12-24,5,7
Islamabad,1995-12-27,6,6
Islamabad,1996-01-08,5,7
Islamabad,1996-01-13,4,9
Islamabad,1996-01-22,5,6
Islamabad,1996-01-28,7,6
Islamabad,1996-01-30,6,6
Islamabad,1996-02-11,4,6
Islamabad,1996-02-13,3,8
Islamabad,1996-02-23,7,6
Islamabad,1996-02-27,5,7
Islamabad,1996-03-05,7,8
Islamabad,1996-03-14,8,7
Islamabad,1996-03-21,8,7
Islamabad,1996-03-27,10,9
Islamabad,1996-04-08,6,10
Islamabad,1996-04-14,9,9
Islamabad,1996-04-16,10,10
Islamabad,1996-04-24,8,7
Islamabad,1996-05-05,6,7
Islamabad,1996-05-11,8,6
Islamabad,1996-05-15,7,6
Islamabad,1996-05-24,5,10
Islamabad,1996-06-03,4,5
Islamabad,1996-06-04,4,6
Islamabad,1996-06-13,6,5
Islamabad,1996-06-24,6,7
Islamabad,1996-06-28,5,7
Islamabad,1996-07-03,4,8
Islamabad,1996-07-13,4,7
Islamabad,1996-07-22,3,6
Islamabad,1996-07-27,4,8
Islamabad,1996-08-03,7,7
Islamabad,1996-08-06,6,8
Islamabad,1996-08-13,5,7
Islamabad,1996-08-20,5,9
Islamabad,1996-08-27,3,8
Islamabad,1996-09-04,6,7
Islamabad,1996-09-10,9,9
Islamabad,1996-09-18,9,8
Islamabad,1996-09-27,6,8
Islamabad,1996-10-03,7,8
Islamabad,1996-10-08,8,6
Islamabad,1996-10-21,7,7
Islamabad,1996-10-24,9,7
Islamabad,1996-10-29,7,7
Islamabad,1996-11-11,5,8
Islamabad,1996-11-17,7,7
Islamabad,1996-11-21,8,6
Islamabad,1996-11-27,5,8
Islamabad,1996-12-06,7,8
Islamabad,1996-12-12,6,9
Islamabad,1996-12-21,8,6
Islamabad,1996-12-28,4,5
Islamabad,1997-01-03,5,8
Islamabad,1997-01-08,7,7
Islamabad,1997-01-20,4,9
Islamabad,1997-01-25,6,9
Islamabad,1997-01-28,6,6
Islamabad,1997-02-10,6,8
Islamabad,1997-02-13,6,7
Islamabad,1997-02-20,5,8
Islamabad,1997-03-02,8,7
Islamabad,1997-03-10,8,6
Islamabad,1997-03-13,7,9
Islamabad,1997-03-18,8,7
Islamabad,1997-03-28,5,10
Islamabad,1997-04-05,9,6
Islamabad,1997-04-10,8,8
Islamabad,1997-04-15,6,9
Islamabad,1997-04-27,10,8
Islamabad,1997-05-03,6,6
Islamabad,1997-05-07,7,6
Islamabad,1997-05-19,7,6
Islamabad,1997-05-24,5,8
Islamabad,1997-05-31,8,4
Islamabad,1997-06-03,5,7
Islamabad,1997-06-16,4,6
Islamabad,1997-06-21,4,6
Islamabad,1997-06-24,5,7
Islamabad,1997-07-03,1,9
Islamabad,1997-07-11,4,6
Islamabad,1997-07-18,5,6
Islamabad,1997-07-28,3,6
Islamabad,1997-08-03,6,7
Islamabad,1997-08-07,5,5
Islamabad,1997-08-18,5,5
Islamabad,1997-08-24,6,8
Islamabad,1997-08-27,5,8
Islamabad,1997-09-06,7,8
Islamabad,1997-09-15,8,4
Islamabad,1997-09-21,6,7
Islamabad,1997-09-23,6,8
Islamabad,1997-09-30,7,8
Islamabad,1997-10-08,10,5
Islamabad,1997-10-16,9,6
Islamabad,1997-10-23,9,7
Islamabad,1997-10-30,10,8
Islamabad,1997-11-10,6,5
Islamabad,1997-11-13,8,5
Islamabad,1997-11-24,6,7
Islamabad,1997-11-27,6,8
Islamabad,1997-12-06,6,8
Islamabad,1997-12-09,6,7
Islamabad,1997-12-21,5,5
Islamabad,1997-12-27,6,8
Islamabad,1998-01-05,6,6
Islamabad,1998-01-10,5,7
Islamabad,1998-01-18,5,4
Islamabad,1998-01-24,5,8
Islamabad,1998-02-02,7,7
Islamabad,1998-02-06,7,8
Islamabad,1998-02-12,5,8
Islamabad,1998-02-23,6,6
Islamabad,1998-03-02,8,7
Islamabad,1998-03-08,7,8
Islamabad,1998-03-15,8,9
Islamabad,1998-03-23,9,8
Islamabad,1998-03-29,8,7
Islamabad,1998-04-04,9,9
Islamabad,1998-04-12,8,9
Islamabad,1998-04-17,8,8
Islamabad,1998-04-26,10,7
Islamabad,1998-04-29,9,7
Islamabad,1998-05-06,8,5
Islamabad,1998-05-17,5,7
Islamabad,1998-05-22,6,7
Islamabad,1998-05-31,8,4
Islamabad,1998-06-07,7,9
Islamabad,1998-06-15,3,7
Islamabad,1998-06-17,10,7
Islamabad,1998-06-27,5,6
Islamabad,1998-07-05,5,8
Islamabad,1998-07-13,6,6
Islamabad,1998-07-17,4,7
Islamabad,1998-07-27,4,8
Islamabad,1998-07-31,4,8
Islamabad,1998-08-04,4,7
Islamabad,1998-08-16,8,8
Islamabad,1998-08-21,6,7
Islamabad,1998-08-28,5,6
Islamabad,1998-09-01,7,7
Islamabad,1998-09-08,8,9
Islamabad,1998-09-17,6,8
Islamabad,1998-09-26,5,8
Islamabad,1998-09-29,7,9
Islamabad,1998-10-10,8,9
Islamabad,1998-10-16,9,7
Islamabad,1998-10-25,9,7
Islamabad,1998-10-31,10,6
Islamabad,1998-11-08,6,7
Islamabad,1998-11-11,6,7
Islamabad,1998-11-20,8,7
Islamabad,1998-11-28,7,6
Islamabad,1998-12-02,6,5
Islamabad,1998-12-10,4,8
Islamabad,1998-12-21,5,8
Islamabad,1998-12-26,5,10
Islamabad,1999-01-03,6,7
Islamabad,1999-01-06,6,7
Islamabad,1999-01-17,5,1
Islamabad,1999-01-20,5,8
Islamabad,1999-02-01,6,8
Islamabad,1999-02-03,6,8
Islamabad,1999-02-15,5,7
Islamabad,1999-02-22,4,10
Islamabad,1999-02-28,6,8
Islamabad,1999-03-08,8,7
Islamabad,1999-03-09,9,8
Islamabad,1999-03-20,7,8
Islamabad,1999-03-24,9,7
Islamabad,1999-03-31,8,7
Islamabad,1999-04-06,10,10
Islamabad,1999-04-19,9,8
Islamabad,1999-04-26,7,8
Islamabad,1999-05-03,6,7
Islamabad,1999-05-08,6,6
Islamabad,1999-05-11,6,7
Islamabad,1999-05-20,8,8
Islamabad,1999-05-31,8,5
Islamabad,1999-06-06,5,7
Islamabad,1999-06-08,4,7
Islamabad,1999-06-16,4,9
Islamabad,1999-06-23,4,9
Islamabad,1999-07-01,5,8
Islamabad,1999-07-10,7,7
Islamabad,1999-07-19,3,6
Islamabad,1999-07-20,2,9
Islamabad,1999-07-27,4,6
Islamabad,1999-08-03,5,6
Islamabad,1999-08-15,5,8
Islamabad,1999-08-22,5,9
Islamabad,1999-08-25,4,6
Islamabad,1999-09-03,7,9
Islamabad,1999-09-10,8,8
Islamabad,1999-09-16,9,6
Islamabad,1999-09-26,7,9
Islamabad,1999-10-03,9,8
Islamabad,1999-10-07,10,8
Islamabad,1999-10-13,10,7
Islamabad,1999-10-24,7,7
Islamabad,1999-10-27,6,9
Islamabad,1999-11-05,6,5
Islamabad,1999-11-13,6,8
Islamabad,1999-11-16,7,6
Islamabad,1999-11-28,7,6
Islamabad,1999-12-01,8,8
Islamabad,1999-12-12,6,8
Islamabad,1999-12-16,8,7
Islamabad,1999-12-21,7,7
Islamabad,1999-12-30,7,8
Islamabad,2000-01-06,3,6
Islamabad,2000-01-12,6,9
Islamabad,2000-01-20,6,7
Islamabad,2000-01-26,6,4
Islamabad,2000-02-06,6,7
Islamabad,2000-02-08,1,10
Islamabad,2000-02-21,5,8
Islamabad,2000-02-23,8,7
Islamabad,2000-03-02,9,6
Islamabad,2000-03-08,6,8
Islamabad,2000-03-17,8,9
Islamabad,2000-03-23,8,7
Islamabad,2000-04-02,10,9
Islamabad,2000-04-06,8,7
Islamabad,2000-04-16,9,7
Islamabad,2000-04-21,10,10
Islamabad,2000-04-25,7,6
Islamabad,2000-05-07,7,5
Islamabad,2000-05-14,7,10
Islamabad,2000-05-20,5,9
Islamabad,2000-05-28,4,8
Islamabad,2000-06-02,10,5
Islamabad,2000-06-08,7,5
Islamabad,2000-06-18,5,7
Islamabad,2000-06-24,3,8
Islamabad,2000-06-30,5,5
Islamabad,2000-07-09,4,7
Islamabad,2000-07-14,2,9
Islamabad,2000-07-23,3,5
Islamabad,2000-07-25,3,6
Islamabad,2000-08-01,5,7
Islamabad,2000-08-14,6,10
Islamabad,2000-08-21,7,6
Islamabad,2000-08-28,3,9
Islamabad,2000-08-31,4,7
Islamabad,2000-09-06,7,8
Islamabad,2000-09-14,6,9
Islamabad,2000-09-24,9,6
Islamabad,2000-09-28,7,10
Islamabad,2000-10-04,9,9
Islamabad,2000-10-14,9,8
Islamabad,2000-10-19,9,10
Islamabad,2000-10-27,9,7
Islamabad,2000-10-31,8,9
Islamabad,2000-11-12,7,5
Islamabad,2000-11-20,7,8
Islamabad,2000-11-22,8,10
Islamabad,2000-12-04,5,7
Islamabad,2000-12-08,6,6
Islamabad,2000-12-12,5,7
Islamabad,2000-12-19,9,6
Islamabad,2000-12-31,4,6
Islamabad,2001-01-05,6,7
Islamabad,2001-01-09,10,7
Islamabad,2001-01-18,4,7
Islamabad,2001-01-25,6,8
Islamabad,2001-01-31,7,6
Islamabad,2001-02-07,5,8
Islamabad,2001-02-16,5,7
Islamabad,2001-02-21,6,8
Islamabad,2001-03-01,8,6
Islamabad,2001-03-10,9,8
Islamabad,2001-03-13,7,8
Islamabad,2001-03-24,9,8
Islamabad,2001-03-30,6,9
Islamabad,2001-04-07,9,6
Islamabad,2001-04-10,9,7
Islamabad,2001-04-20,10,8
Islamabad,2001-04-27,7,7
Islamabad,2001-05-06,7,7
Islamabad,2001-05-12,6,10
Islamabad,2001-05-15,7,7
Islamabad,2001-05-28,5,7
Islamabad,2001-05-31,5,5
Islamabad,2001-06-10,10,9
Islamabad,2001-06-15,5,8
Islamabad,2001-06-25,4,8
Islamabad,2001-06-30,5,8
Islamabad,2001-07-04,4,9
Islamabad,2001-07-12,3,9
Islamabad,2001-07-23,3,7
Islamabad,2001-07-26,4,7
Islamabad,2001-08-03,6,5
Islamabad,2001-08-09,5,7
Islamabad,2001-08-20,6,8
Islamabad,2001-08-25,3,5
Islamabad,2001-09-01,7,7
Islamabad,2001-09-05,7,9
Islamabad,2001-09-11,9,9
Islamabad,2001-09-20,5,9
Islamabad,2001-10-01,9,9
Islamabad,2001-10-08,9,8
Islamabad,2001-10-09,8,10
Islamabad,2001-10-17,8,8
Islamabad,2001-10-26,9,9
Islamabad,2001-11-02,6,7
Islamabad,2001-11-07,6,8
Islamabad,2001-11-19,7,7
Islamabad,2001-11-26,4,8
Islamabad,2001-11-29,9,8
Islamabad,2001-12-06,6,8
Islamabad,2001-12-11,6,7
Islamabad,2001-12-20,6,8
Islamabad,2001-12-29,3,5
Islamabad,2002-01-04,5,5
Islamabad,2002-01-08,5,7
Islamabad,2002-01-15,6,9
Islamabad,2002-01-25,4,5
Islamabad,2002-02-04,6,8
Islamabad,2002-02-09,5,9
Islamabad,2002-02-12,7,7
Islamabad,2002-02-19,6,9
Islamabad,2002-03-02,6,9
Islamabad,2002-03-05,9,8
Islamabad,2002-03-18,7,9
Islamabad,2002-03-25,6,6
Islamabad,2002-03-26,8,6
Islamabad,2002-04-07,9,8
Islamabad,2002-04-12,7,6
Islamabad,2002-04-18,9,8
Islamabad,2002-04-27,8,9
Islamabad,2002-05-03,6,7
Islamabad,2002-05-09,6,6
Islamabad,2002-05-14,7,7
Islamabad,2002-05-26,9,8
Islamabad,2002-05-29,8,6
Islamabad,2002-06-07,4,7
Islamabad,2002-06-13,6,7
Islamabad,2002-06-19,6,8
Islamabad,2002-06-25,5,8
Islamabad,2002-07-07,5,6
Islamabad,2002-07-13,5,8
Islamabad,2002-07-21,5,6
Islamabad,2002-07-29,3,7
Islamabad,2002-07-30,2,7
Islamabad,2002-08-12,4,7
Islamabad,2002-08-19,2,7
Islamabad,2002-08-21,5,7
Islamabad,2002-09-02,8,9
Islamabad,2002-09-06,7,8
Islamabad,2002-09-16,9,8
Islamabad,2002-09-21,10,8
Islamabad,2002-09-30,6,7
Islamabad,2002-10-01,9,9
Islamabad,2002-10-09,8,9
Islamabad,2002-10-20,9,9
Islamabad,2002-10-24,9,9
Islamabad,2002-10-31,8,6
Islamabad,2002-11-06,6,6
Islamabad,2002-11-16,6,6
Islamabad,2002-11-19,8,8
Islamabad,2002-11-30,7,8
Islamabad,2002-12-09,7,9
Islamabad,2002-12-13,1,7
Islamabad,2002-12-20,7,6
Islamabad,2002-12-29,5,8
Islamabad,2003-01-03,5,6
Islamabad,2003-01-10,5,9
Islamabad,2003-01-17,5,7
Islamabad,2003-01-21,5,8
Islamabad,2003-02-02,5,7
Islamabad,2003-02-07,4,9
Islamabad,2003-02-11,5,9
Islamabad,2003-02-22,5,9
Islamabad,2003-02-26,5,8
Islamabad,2003-03-08,8,7
Islamabad,2003-03-12,6,8
Islamabad,2003-03-21,9,7
Islamabad,2003-03-27,10,9
Islamabad,2003-04-01,6,7
Islamabad,2003-04-12,10,8
Islamabad,2003-04-19,9,8
Islamabad,2003-04-22,9,9
Islamabad,2003-05-05,8,8
Islamabad,2003-05-08,7,6
Islamabad,2003-05-15,6,6
Islamabad,2003-05-25,7,7
Islamabad,2003-05-27,5,7
Islamabad,2003-06-07,4,6
Islamabad,2003-06-16,6,7
Islamabad,2003-06-18,6,7
Islamabad,2003-06-30,4,8
Islamabad,2003-07-01,4,7
Islamabad,2003-07-13,6,8
Islamabad,2003-07-17,4,8
Islamabad,2003-07-27,4,1
Islamabad,2003-07-30,2,5
Islamabad,2003-08-05,6,8
Islamabad,2003-08-14,5,7
Islamabad,2003-08-22,6,7
Islamabad,2003-08-28,7,9
Islamabad,2003-09-06,6,8
Islamabad,2003-09-14,8,6
Islamabad,2003-09-22,9,8
Islamabad,2003-09-27,8,7
Islamabad,2003-10-04,8,10
Islamabad,2003-10-08,9,9
Islamabad,2003-10-16,9,9
Islamabad,2003-10-23,6,8
Islamabad,2003-11-02,7,8
Islamabad,2003-11-07,8,7
Islamabad,2003-11-17,5,7
Islamabad,2003-11-19,7,7
Islamabad,2003-12-01,6,7
Islamabad,2003-12-04,5,7
Islamabad,2003-12-14,6,4
Islamabad,2003-12-21,7,9
Islamabad,2003-12-25,7,8
Islamabad,2003-12-31,4,8
Islamabad,2004-01-09,5,10
Islamabad,2004-01-19,5,8
Islamabad,2004-01-23,5,7
Islamabad,2004-01-29,4,7
Islamabad,2004-02-05,5,10
Islamabad,2004-02-11,6,8
Islamabad,2004-02-19,6,7
Islamabad,2004-02-24,6,8
Islamabad,2004-03-02,7,9
Islamabad,2004-03-11,7,8
Islamabad,2004-03-16,7,7
Islamabad,2004-03-28,10,10
Islamabad,2004-04-03,8,10
Islamabad,2004-04-06,7,6
Islamabad,2004-04-18,8,8
Islamabad,2004-04-24,9,9
Islamabad,2004-04-28,8,10
Islamabad,2004-05-08,6,6
Islamabad,2004-05-11,6,6
Islamabad,2004-05-18,7,8
Islamabad,2004-05-25,7,6
Islamabad,2004-06-04,4,8
Islamabad,2004-06-11,4,7
Islamabad,2004-06-21,5,8
Islamabad,2004-06-28,4,9
Islamabad,2004-06-29,4,8
Islamabad,2004-07-10,3,7
Islamabad,2004-07-17,5,5
Islamabad,2004-07-21,5,7
Islamabad,2004-07-28,4,6
Islamabad,2004-08-08,3,6
Islamabad,2004-08-16,5,8
Islamabad,2004-08-22,5,8
Islamabad,2004-08-28,6,8
Islamabad,2004-09-04,6,7
Islamabad,2004-09-08,8,8
Islamabad,2004-09-19,7,8
Islamabad,2004-09-23,8,6
Islamabad,2004-10-02,8,9
Islamabad,2004-10-08,9,8
Islamabad,2004-10-18,8,9
Islamabad,2004-10-23,7,8
Islamabad,2004-10-30,8,9
Islamabad,2004-11-08,6,7
Islamabad,2004-11-13,7,10
Islamabad,2004-11-20,6,7
Islamabad,2004-11-29,8,6
Islamabad,2004-11-30,7,6
Islamabad,2004-12-13,7,6
Islamabad,2004-12-20,7,7
Islamabad,2004-12-24,8,7
Islamabad,2005-01-02,6,8
Islamabad,2005-01-05,5,7
Islamabad,2005-01-12,5,6
Islamabad,2005-01-18,5,9
Islamabad,2005-01-29,3,9
Islamabad,2005-02-05,6,6
Islamabad,2005-02-10,7,8
Islamabad,2005-02-19,6,7
Islamabad,2005-02-28,7,7
Islamabad,2005-03-04,8,9
Islamabad,2005-03-10,9,9
Islamabad,2005-03-16,7,7
Islamabad,2005-03-26,9,9
Islamabad,2005-04-04,10,7
Islamabad,2005-04-09,9,9
Islamabad,2005-04-14,9,8
Islamabad,2005-04-19,9,7
Islamabad,2005-05-01,4,8
Islamabad,2005-05-08,8,6
Islamabad,2005-05-16,6,8
Islamabad,2005-05-23,6,8
Islamabad,2005-05-27,6,6
Islamabad,2005-06-02,3,7
Islamabad,2005-06-12,3,5
Islamabad,2005-06-16,3,5
Islamabad,2005-06-27,4,7
Islamabad,2005-06-29,5,6
Islamabad,2005-07-07,6,6
Islamabad,2005-07-16,4,8
Islamabad,2005-07-22,3,8
Islamabad,2005-07-31,3,7
Islamabad,2005-08-05,5,8
Islamabad,2005-08-12,4,6
Islamabad,2005-08-19,5,7
Islamabad,2005-08-28,5,5
Islamabad,2005-09-03,8,7
Islamabad,2005-09-12,9,9
Islamabad,2005-09-17,7,7
Islamabad,2005-09-24,8,10
Islamabad,2005-10-01,8,6
Islamabad,2005-10-05,10,8
Islamabad,2005-10-15,8,9
Islamabad,2005-10-22,7,8
Islamabad,2005-10-25,10,9
Islamabad,2005-11-02,8,5
Islamabad,2005-11-09,8,9
Islamabad,2005-11-19,7,7
Islamabad,2005-11-27,7,5
Islamabad,2005-12-02,4,5
Islamabad,2005-12-07,6,8
Islamabad,2005-12-13,7,5
Islamabad,2005-12-24,6,6
Islamabad,2005-12-27,5,5
Islamabad,2006-01-09,4,6
Islamabad,2006-01-13,4,7
Islamabad,2006-01-19,5,8
Islamabad,2006-01-24,4,5
Islamabad,2006-02-06,8,7
Islamabad,2006-02-11,8,8
Islamabad,2006-02-19,6,10
Islamabad,2006-02-25,6,9
Islamabad,2006-02-28,4,8
Islamabad,2006-03-07,9,10
Islamabad,2006-03-14,7,7
Islamabad,2006-03-26,7,10
Islamabad,2006-04-01,8,9
Islamabad,2006-04-10,9,8
Islamabad,2006-04-16,7,8
Islamabad,2006-04-18,7,9
Islamabad,2006-04-29,9,8
Islamabad,2006-05-06,7,6
Islamabad,2006-05-13,7,6
Islamabad,2006-05-20,5,7
Islamabad,2006-05-29,4,7
Islamabad,2006-06-01,5,6
Islamabad,2006-06-06,4,6
Islamabad,2006-06-13,3,7
Islamabad,2006-06-22,5,8
Islamabad,2006-06-27,4,7
Islamabad,2006-07-10,3,6
Islamabad,2006-07-16,3,9
Islamabad,2006-07-18,1,8
Islamabad,2006-07-25,4,5
Islamabad,2006-08-06,5,9
Islamabad,2006-08-11,4,7
Islamabad,2006-08-18,5,7
Islamabad,2006-08-27,4,10
Islamabad,2006-08-29,4,6
Islamabad,2006-09-08,8,9
Islamabad,2006-09-12,5,7
Islamabad,2006-09-22,7,9
Islamabad,2006-09-27,10,8
Islamabad,2006-10-08,9,10
Islamabad,2006-10-14,6,9
Islamabad,2006-10-23,9,10
Islamabad,2006-10-27,9,7
Islamabad,2006-11-04,5,5
Islamabad,2006-11-12,7,8
Islamabad,2006-11-15,8,7
Islamabad,2006-11-23,7,7
Islamabad,2006-12-02,7,7
Islamabad,2006-12-10,6,6
Islamabad,2006-12-18,8,8
Islamabad,2006-12-20,6,7
Islamabad,2006-12-27,6,6
Islamabad,2007-01-05,4,7
Islamabad,2007-01-14,6,7
Islamabad,2007-01-21,5,7
Islamabad,2007-01-27,4,7
Islamabad,2007-02-03,4,7
Islamabad,2007-02-07,5,7
Islamabad,2007-02-19,6,8
Islamabad,2007-02-23,5,8
Islamabad,2007-03-03,6,8
Islamabad,2007-03-11,7,8
Islamabad,2007-03-18,5,9
Islamabad,2007-03-20,7,9
Islamabad,2007-03-28,8,7
Islamabad,2007-04-06,10,7
Islamabad,2007-04-13,10,9
Islamabad,2007-04-19,9,8
Islamabad,2007-04-27,9,9
Islamabad,2007-05-01,6,8
Islamabad,2007-05-14,7,5
Islamabad,2007-05-18,8,8
Islamabad,2007-05-24,6,7
Islamabad,2007-05-29,6,7
Islamabad,2007-06-11,3,8
Islamabad,2007-06-14,3,7
Islamabad,2007-06-22,5,8
Islamabad,2007-07-02,5,7
Islamabad,2007-07-08,3,7
Islamabad,2007-07-14,4,9
Islamabad,2007-07-22,5,7
Islamabad,2007-07-27,4,8
Islamabad,2007-08-03,5,6
Islamabad,2007-08-10,5,9
Islamabad,2007-08-14,4,7
Islamabad,2007-08-27,5,4
Islamabad,2007-09-03,6,8
Islamabad,2007-09-06,6,8
Islamabad,2007-09-11,7,6
Islamabad,2007-09-22,8,7
Islamabad,2007-09-29,7,6
Islamabad,2007-10-02,9,6
Islamabad,2007-10-15,9,7
Islamabad,2007-10-19,10,10
Islamabad,2007-10-27,7,10
Islamabad,2007-11-04,7,7
Islamabad,2007-11-09,8,6
Islamabad,2007-11-18,8,8
Islamabad,2007-11-24,6,6
Islamabad,2007-11-28,5,7
Islamabad,2007-12-04,5,7
Islamabad,2007-12-13,6,6
Islamabad,2007-12-24,7,6
Islamabad,2007-12-27,4,7
Islamabad,2008-01-02,6,8
Islamabad,2008-01-12,5,7
Islamabad,2008-01-16,4,8
Islamabad,2008-01-23,3,7
Islamabad,2008-01-29,5,9
Islamabad,2008-02-11,7,9
Islamabad,2008-02-14,6,7
Islamabad,2008-02-21,6,9
Islamabad,2008-03-03,8,8
Islamabad,2008-03-10,8,8
Islamabad,2008-03-16,9,10
Islamabad,2008-03-19,7,8
Islamabad,2008-03-28,9,7
Islamabad,2008-04-01,10,7
Islamabad,2008-04-14,9,9
Islamabad,2008-04-17,7,7
Islamabad,2008-04-24,9,10
Islamabad,2008-05-02,7,6
Islamabad,2008-05-11,6,8
Islamabad,2008-05-15,6,7
Islamabad,2008-05-26,8,8
Islamabad,2008-05-31,5,7
Islamabad,2008-06-08,10,8
Islamabad,2008-06-12,3,7
Islamabad,2008-06-23,5,9
Islamabad,2008-06-30,2,5
Islamabad,2008-07-01,4,6
Islamabad,2008-07-10,5,8
Islamabad,2008-07-19,3,7
Islamabad,2008-07-26,6,8
Islamabad,2008-08-02,6,8
Islamabad,2008-08-11,4,8
Islamabad,2008-08-17,5,6
Islamabad,2008-08-20,6,7
Islamabad,2008-08-31,5,8
Islamabad,2008-09-06,8,7
Islamabad,2008-09-10,7,8
Islamabad,2008-09-21,6,8
Islamabad,2008-09-27,7,10
Islamabad,2008-10-03,9,9
Islamabad,2008-10-11,9,9
Islamabad,2008-10-16,8,6
Islamabad,2008-10-23,9,6
Islamabad,2008-11-01,7,6
Islamabad,2008-11-08,6,5
Islamabad,2008-11-17,6,9
Islamabad,2008-11-20,8,5
Islamabad,2008-11-27,6,7
Islamabad,2008-12-03,2,8
Islamabad,2008-12-14,4,6
Islamabad,2008-12-17,6,8
Islamabad,2008-12-25,7,7
Islamabad,2009-01-05,4,5
Islamabad,2009-01-07,4,7
Islamabad,2009-01-19,4,7
Islamabad,2009-01-25,3,7
Islamabad,2009-02-02,6,10
Islamabad,2009-02-09,5,10
Islamabad,2009-02-10,5,7
Islamabad,2009-02-20,6,8
Islamabad,2009-02-25,6,5
Islamabad,2009-03-05,9,6
Islamabad,2009-03-12,8,7
Islamabad,2009-03-19,8,9
Islamabad,2009-03-29,10,8
Islamabad,2009-04-03,10,8
Islamabad,2009-04-12,8,7
Islamabad,2009-04-18,8,7
Islamabad,2009-04-26,9,7
Islamabad,2009-05-02,7,7
Islamabad,2009-05-05,7,8
Islamabad,2009-05-14,7,8
Islamabad,2009-05-25,9,5
Islamabad,2009-06-01,3,8
Islamabad,2009-06-05,4,7
Islamabad,2009-06-10,3,8
Islamabad,2009-06-20,3,7
Islamabad,2009-06-24,2,6
Islamabad,2009-07-06,4,7
Islamabad,2009-07-12,5,6
Islamabad,2009-07-20,4,7
Islamabad,2009-07-25,5,8
Islamabad,2009-08-03,3,5
Islamabad,2009-08-06,4,9
Islamabad,2009-08-12,5,7
Islamabad,2009-08-21,4,7
Islamabad,2009-08-25,5,7
Islamabad,2009-09-04,8,8
Islamabad,2009-09-10,7,6
Islamabad,2009-09-21,7,9
Islamabad,2009-09-26,7,6
Islamabad,2009-10-05,8,7
Islamabad,2009-10-09,10,9
Islamabad,2009-10-16,8,7
Islamabad,2009-10-22,10,8
Islamabad,2009-10-28,8,7
Islamabad,2009-11-05,8,7
Islamabad,2009-11-15,7,6
Islamabad,2009-11-21,8,8
Islamabad,2009-11-24,6,7
Islamabad,2009-12-06,5,7
Islamabad,2009-12-09,7,5
Islamabad,2009-12-18,7,7
Islamabad,2009-12-26,8,6
Islamabad,2010-01-01,4,6
Islamabad,2010-01-07,4,6
Islamabad,2010-01-14,4,7
Islamabad,2010-01-19,1,7
Islamabad,2010-01-26,4,4
Islamabad,2010-02-05,7,10
Islamabad,2010-02-14,6,6
Islamabad,2010-02-20,5,1
Islamabad,2010-02-28,7,6
Islamabad,2010-03-06,7,8
Islamabad,2010-03-12,7,10
Islamabad,2010-03-16,7,9
Islamabad,2010-03-26,9,7
Islamabad,2010-04-05,10,8
Islamabad,2010-04-11,7,7
Islamabad,2010-04-18,9,9
Islamabad,2010-04-23,9,8
Islamabad,2010-04-29,7,8
Islamabad,2010-05-10,4,5
Islamabad,2010-05-16,7,4
Islamabad,2010-05-20,8,7
Islamabad,2010-05-30,8,8
Islamabad,2010-06-05,5,6
Islamabad,2010-06-08,4,7
Islamabad,2010-06-19,3,7
Islamabad,2010-06-24,5,6
Islamabad,2010-07-05,3,7
Islamabad,2010-07-08,4,8
Islamabad,2010-07-18,4,9
Islamabad,2010-07-23,10,7
Islamabad,2010-07-28,6,7
Islamabad,2010-08-04,4,8
Islamabad,2010-08-15,5,9
Islamabad,2010-08-20,5,7
Islamabad,2010-08-25,7,6
Islamabad,2010-08-31,4,8
Islamabad,2010-09-13,8,8
Islamabad,2010-09-20,7,7
Islamabad,2010-09-24,5,7
Islamabad,2010-10-04,10,5
Islamabad,2010-10-11,9,6
Islamabad,2010-10-13,10,8
Islamabad,2010-10-19,8,7
Islamabad,2010-11-01,6,7
Islamabad,2010-11-06,5,7
Islamabad,2010-11-14,7,6
Islamabad,2010-11-22,7,8
Islamabad,2010-11-27,7,7
Islamabad,2010-12-05,3,9
Islamabad,2010-12-11,6,7
Islamabad,2010-12-18,7,8
Islamabad,2010-12-21,5,5
Islamabad,2010-12-30,6,6
Islamabad,2011-01-06,6,7
Islamabad,2011-01-11,3,4
Islamabad,2011-01-19,4,6
Islamabad,2011-01-28,4,8
Islamabad,2011-02-06,6,8
Islamabad,2011-02-08,5,7
Islamabad,2011-02-17,6,9
Islamabad,2011-02-23,4,7
Islamabad,2011-03-07,8,9
Islamabad,2011-03-08,8,8
Islamabad,2011-03-19,7,8
Islamabad,2011-03-22,10,9
Islamabad,2011-03-31,8,8
Islamabad,2011-04-05,10,7
Islamabad,2011-04-15,8,9
Islamabad,2011-04-24,7,10
Islamabad,2011-04-30,8,8
Islamabad,2011-05-03,6,8
Islamabad,2011-05-10,10,6
Islamabad,2011-05-20,6,6
Islamabad,2011-05-26,4,6
Islamabad,2011-06-04,5,7
Islamabad,2011-06-07,5,7
Islamabad,2011-06-19,10,7
Islamabad,2011-06-24,5,8
Islamabad,2011-07-04,6,8
Islamabad,2011-07-08,4,8
Islamabad,2011-07-17,10,6
Islamabad,2011-07-25,4,7
Islamabad,2011-08-01,5,6
Islamabad,2011-08-06,5,7
Islamabad,2011-08-15,5,6
Islamabad,2011-08-20,4,6
Islamabad,2011-08-27,6,8
Islamabad,2011-09-02,8,7
Islamabad,2011-09-09,7,8
Islamabad,2011-09-13,7,9
Islamabad,2011-09-22,9,9
Islamabad,2011-09-29,8,7
Islamabad,2011-10-08,10,7
Islamabad,2011-10-15,9,9
Islamabad,2011-10-19,10,6
Islamabad,2011-10-30,9,7
Islamabad,2011-11-06,5,7
Islamabad,2011-11-13,6,6
Islamabad,2011-11-16,7,6
Islamabad,2011-11-22,7,6
Islamabad,2011-12-02,5,7
Islamabad,2011-12-12,7,6
Islamabad,2011-12-14,7,7
Islamabad,2011-12-22,6,6
Islamabad,2012-01-02,6,8
Islamabad,2012-01-04,6,7
Islamabad,2012-01-14,5,6
Islamabad,2012-01-23,5,5
Islamabad,2012-01-25,5,9
Islamabad,2012-02-02,6,6
Islamabad,2012-02-10,4,8
Islamabad,2012-02-15,4,7
Islamabad,2012-02-24,6,8
Islamabad,2012-03-03,7,6
Islamabad,2012-03-11,9,8
Islamabad,2012-03-16,8,7
Islamabad,2012-03-23,1,8
Islamabad,2012-03-28,7,6
Islamabad,2012-04-03,7,9
Islamabad,2012-04-14,10,10
Islamabad,2012-04-22,7,7
Islamabad,2012-04-27,8,9
Islamabad,2012-05-06,6,7
Islamabad,2012-05-10,8,7
Islamabad,2012-05-18,5,6
Islamabad,2012-05-28,6,9
Islamabad,2012-06-04,1,6
Islamabad,2012-06-10,5,6
Islamabad,2012-06-12,4,6
Islamabad,2012-06-22,5,8
Islamabad,2012-07-02,3,6
Islamabad,2012-07-06,3,8
Islamabad,2012-07-13,3,7
Islamabad,2012-07-19,4,7
Islamabad,2012-07-26,10,7
Islamabad,2012-08-06,4,7
Islamabad,2012-08-11,5,8
Islamabad,2012-08-17,5,5
Islamabad,2012-08-26,5,8
Islamabad,2012-09-01,8,7
Islamabad,2012-09-05,7,9
Islamabad,2012-09-12,8,9
Islamabad,2012-09-22,6,9
Islamabad,2012-09-25,7,7
Islamabad,2012-10-07,9,7
Islamabad,2012-10-12,10,7
Islamabad,2012-10-19,10,9
Islamabad,2012-10-23,9,8
Islamabad,2012-10-30,8,9
Islamabad,2012-11-09,7,9
Islamabad,2012-11-18,7,8
Islamabad,2012-11-21,5,8
Islamabad,2012-12-02,5,7
Islamabad,2012-12-09,3,6
Islamabad,2012-12-15,5,5
Islamabad,2012-12-21,5,5
Islamabad,2012-12-31,4,7
Islamabad,2013-01-01,6,7
Islamabad,2013-01-13,3,6
Islamabad,2013-01-21,7,7
Islamabad,2013-01-22,4,5
Islamabad,2013-01-31,5,4
Islamabad,2013-02-09,6,9
Islamabad,2013-02-12,7,8
Islamabad,2013-02-21,6,7
Islamabad,2013-03-03,7,8
Islamabad,2013-03-08,7,9
Islamabad,2013-03-17,7,5
Islamabad,2013-03-19,9,10
Islamabad,2013-03-27,9,10
Islamabad,2013-04-03,9,8
Islamabad,2013-04-10,7,9
Islamabad,2013-04-16,10,8
Islamabad,2013-04-28,8,8
Islamabad,2013-05-01,3,7
Islamabad,2013-05-10,5,6
Islamabad,2013-05-20,6,6
Islamabad,2013-05-24,7,7
Islamabad,2013-06-01,4,6
Islamabad,2013-06-04,4,6
Islamabad,2013-06-16,5,9
Islamabad,2013-06-22,5,7
Islamabad,2013-06-29,5,6
Islamabad,2013-07-07,4,7
Islamabad,2013-07-10,5,6
Islamabad,2013-07-22,10,8
Islamabad,2013-07-27,2,9
Islamabad,2013-07-30,5,8
Islamabad,2013-08-08,5,7
Islamabad,2013-08-14,5,7
Islamabad,2013-08-20,6,9
Islamabad,2013-08-27,6,9
Islamabad,2013-09-04,8,6
Islamabad,2013-09-14,9,7
Islamabad,2013-09-19,7,9
Islamabad,2013-09-24,7,9
Islamabad,2013-10-04,8,7
Islamabad,2013-10-13,7,7
Islamabad,2013-10-18,10,9
Islamabad,2013-10-26,9,9
Islamabad,2013-11-02,7,5
Islamabad,2013-11-09,6,8
Islamabad,2013-11-12,6,6
Islamabad,2013-11-22,6,7
Islamabad,2013-12-02,6,10
Islamabad,2013-12-05,6,5
Islamabad,2013-12-14,7,8
Islamabad,2013-12-23,1,7
Islamabad,2013-12-27,6,7
Islamabad,2014-01-05,7,8
Islamabad,2014-01-07,6,8
Islamabad,2014-01-17,5,7
Islamabad,2014-01-23,5,8
Islamabad,2014-02-01,7,10
Islamabad,2014-02-05,5,1
Islamabad,2014-02-15,6,7
Islamabad,2014-02-18,5,8
Islamabad,2014-03-02,7,9
Islamabad,2014-03-06,6,8
Islamabad,2014-03-12,8,9
Islamabad,2014-03-21,7,7
Islamabad,2014-03-27,7,8
Islamabad,2014-04-05,9,9
Islamabad,2014-04-08,10,10
Islamabad,2014-04-19,7,8
Islamabad,2014-04-24,9,9
Islamabad,2014-05-03,7,7
Islamabad,2014-05-07,5,8
Islamabad,2014-05-19,6,8
Islamabad,2014-05-22,7,7
Islamabad,2014-05-30,8,7
Islamabad,2014-06-04,4,6
Islamabad,2014-06-16,3,6
Islamabad,2014-06-18,1,6
Islamabad,2014-06-30,4,9
Islamabad,2014-07-06,4,7
Islamabad,2014-07-12,3,6
Islamabad,2014-07-15,4,10
Islamabad,2014-07-24,3,7
Islamabad,2014-07-30,5,8
Islamabad,2014-08-06,5,7
Islamabad,2014-08-15,5,9
Islamabad,2014-08-21,3,6
Islamabad,2014-08-26,6,8
Islamabad,2014-09-06,8,7
Islamabad,2014-09-14,6,8
Islamabad,2014-09-21,8,9
Islamabad,2014-09-23,7,8
Islamabad,2014-10-05,7,8
Islamabad,2014-10-12,9,5
Islamabad,2014-10-16,10,9
Islamabad,2014-10-22,8,8
Islamabad,2014-11-01,7,7
Islamabad,2014-11-10,6,7
Islamabad,2014-11-13,6,7
Islamabad,2014-11-22,7,8
Islamabad,2014-12-01,4,6
Islamabad,2014-12-06,4,6
Islamabad,2014-12-12,8,7
Islamabad,2014-12-21,4,5
Islamabad,2014-12-26,5,9
Islamabad,2015-01-04,3,7
Islamabad,2015-01-12,6,7
Islamabad,2015-01-14,4,5
Islamabad,2015-01-24,5,6
Islamabad,2015-01-31,5,8
Islamabad,2015-02-08,7,9
Islamabad,2015-02-11,9,8
Islamabad,2015-02-17,7,7
Islamabad,2015-03-02,8,7
Islamabad,2015-03-09,8,7
Islamabad,2015-03-16,7,8
Islamabad,2015-03-23,10,8
Islamabad,2015-03-28,6,6
Islamabad,2015-04-03,8,9
Islamabad,2015-04-12,8,8
Islamabad,2015-04-15,9,8
Islamabad,2015-04-23,9,8
Islamabad,2015-05-02,5,6
Islamabad,2015-05-10,6,10
Islamabad,2015-05-14,6,7
Islamabad,2015-05-21,6,5
Islamabad,2015-05-30,4,8
Islamabad,2015-06-02,4,6
Islamabad,2015-06-10,5,8
Islamabad,2015-06-21,5,7
Islamabad,2015-06-24,4,6
Islamabad,2015-07-03,5,6
Islamabad,2015-07-09,4,7
Islamabad,2015-07-15,5,6
Islamabad,2015-07-25,2,7
Islamabad,2015-07-30,2,8
Islamabad,2015-08-04,3,7
Islamabad,2015-08-12,5,8
Islamabad,2015-08-21,6,5
Islamabad,2015-08-25,2,6
Islamabad,2015-09-07,9,7
Islamabad,2015-09-09,6,8
Islamabad,2015-09-20,7,9
Islamabad,2015-09-28,8,9
Islamabad,2015-09-29,6,8
Islamabad,2015-10-10,9,8
Islamabad,2015-10-17,8,10
Islamabad,2015-10-26,10,8
Islamabad,2015-10-30,8,7
Islamabad,2015-11-05,5,6
Islamabad,2015-11-10,5,8
Islamabad,2015-11-19,7,6
Islamabad,2015-11-25,7,8
Islamabad,2015-12-01,6,7
Islamabad,2015-12-11,6,5
Islamabad,2015-12-19,6,7
Islamabad,2015-12-27,1,5
Islamabad,2016-01-02,5,6
Islamabad,2016-01-11,5,6
Islamabad,2016-01-15,4,7
Islamabad,2016-01-21,4,6
Islamabad,2016-01-28,6,4
Islamabad,2016-02-06,7,9
Islamabad,2016-02-12,6,7
Islamabad,2016-02-16,7,9
Islamabad,2016-02-27,8,7
Islamabad,2016-03-07,6,8
Islamabad,2016-03-12,6,8
Islamabad,2016-03-21,5,7
Islamabad,2016-03-23,8,8
Islamabad,2016-03-29,6,7
Islamabad,2016-04-06,10,7
Islamabad,2016-04-15,8,9
Islamabad,2016-04-24,8,8
Islamabad,2016-04-28,8,7
Islamabad,2016-05-04,8,6
Islamabad,2016-05-13,5,8
Islamabad,2016-05-19,5,9
Islamabad,2016-05-27,8,6
Islamabad,2016-05-31,6,6
Islamabad,2016-06-09,5,7
Islamabad,2016-06-16,4,5
Islamabad,2016-06-23,4,6
Islamabad,2016-06-29,4,7
Islamabad,2016-07-08,3,7
Islamabad,2016-07-12,2,7
Islamabad,2016-07-24,5,5
Islamabad,2016-07-29,4,8
Islamabad,2016-08-08,5,7
Islamabad,2016-08-13,5,5
Islamabad,2016-08-16,5,10
Islamabad,2016-08-26,4,5
Islamabad,2016-09-03,8,8
Islamabad,2016-09-12,6,9
Islamabad,2016-09-16,8,8
Islamabad,2016-09-24,8,9
Islamabad,2016-09-30,6,8
Islamabad,2016-10-06,9,6
Islamabad,2016-10-14,8,9
Islamabad,2016-10-21,9,6
Islamabad,2016-10-26,9,10
Islamabad,2016-11-02,7,8
Islamabad,2016-11-12,8,6
Islamabad,2016-11-16,5,7
Islamabad,2016-11-25,9,5
Islamabad,2016-11-30,8,7
Islamabad,2016-12-08,7,6
Islamabad,2016-12-18,5,5
Islamabad,2016-12-23,6,6
Islamabad,2016-12-27,5,7
Islamabad,2017-01-09,5,7
Islamabad,2017-01-16,4,7
Islamabad,2017-01-21,6,6
Islamabad,2017-01-30,4,5
Islamabad,2017-02-03,5,8
Islamabad,2017-02-08,8,8
Islamabad,2017-02-19,5,9
Islamabad,2017-02-24,5,8
Islamabad,2017-03-05,6,8
Islamabad,2017-03-13,8,7
Islamabad,2017-03-16,8,8
Islamabad,2017-03-26,7,8
Islamabad,2017-04-01,10,7
Islamabad,2017-04-09,10,8
Islamabad,2017-04-13,8,9
Islamabad,2017-04-23,8,8
Islamabad,2017-04-25,9,8
Islamabad,2017-05-05,6,8
Islamabad,2017-05-15,4,6
Islamabad,2017-05-21,7,7
Islamabad,2017-05-26,5,7
Islamabad,2017-05-31,6,6
Islamabad,2017-06-12,3,10
Islamabad,2017-06-17,3,6
Islamabad,2017-06-26,4,9
Islamabad,2017-07-02,4,7
Islamabad,2017-07-10,3,6
Islamabad,2017-07-13,4,6
Islamabad,2017-07-22,3,6
Islamabad,2017-07-31,4,8
Islamabad,2017-08-07,5,8
Islamabad,2017-08-08,4,9
Islamabad,2017-08-17,5,5
Islamabad,2017-08-26,6,6
Islamabad,2017-09-04,8,8
Islamabad,2017-09-07,7,7
Islamabad,2017-09-14,6,9
Islamabad,2017-09-23,7,10
Islamabad,2017-09-30,6,7
Islamabad,2017-10-03,8,8
Islamabad,2017-10-15,8,6
Islamabad,2017-10-22,9,8
Islamabad,2017-10-30,8,9
Islamabad,2017-11-02,7,8
Islamabad,2017-11-10,8,5
Islamabad,2017-11-14,6,6
Islamabad,2017-11-23,7,5
Islamabad,2017-11-28,5,6
Islamabad,2017-12-10,4,7
Islamabad,2017-12-17,7,6
Islamabad,2017-12-20,6,6
Islamabad,2017-12-30,5,5
Islamabad,2018-01-06,6,5
Islamabad,2018-01-12,5,7
Islamabad,2018-01-20,5,8
Islamabad,2018-01-26,5,6
Islamabad,2018-02-05,5,7
Islamabad,2018-02-12,7,8
Islamabad,2018-02-17,6,8
Islamabad,2018-02-21,8,8
Islamabad,2018-03-04,9,9
Islamabad,2018-03-12,1,9
Islamabad,2018-03-14,7,7
Islamabad,2018-03-26,6,9
Islamabad,2018-04-02,8,9
Islamabad,2018-04-09,9,7
Islamabad,2018-04-12,8,8
Islamabad,2018-04-22,8,8
Islamabad,2018-04-27,10,9
Islamabad,2018-05-03,6,6
Islamabad,2018-05-12,6,7
Islamabad,2018-05-18,8,8
Islamabad,2018-05-23,6,6
Islamabad,2018-05-31,7,6
Islamabad,2018-06-10,5,7
Islamabad,2018-06-17,4,7
Islamabad,2018-06-24,4,7
Islamabad,2018-06-29,3,7
Islamabad,2018-07-05,2,7
Islamabad,2018-07-16,1,6
Islamabad,2018-07-23,5,6
Islamabad,2018-07-26,4,7
Islamabad,2018-08-02,6,6
Islamabad,2018-08-12,6,7
Islamabad,2018-08-16,4,6
Islamabad,2018-08-21,4,1
Islamabad,2018-08-28,4,7
Islamabad,2018-09-04,6,8
Islamabad,2018-09-15,9,8
Islamabad,2018-09-18,7,8
Islamabad,2018-09-28,7,9
Islamabad,2018-10-06,8,7
Islamabad,2018-10-10,7,9
Islamabad,2018-10-16,9,9
Islamabad,2018-10-29,8,7
Islamabad,2018-10-31,8,7
Islamabad,2018-11-11,8,5
Islamabad,2018-11-17,7,8
Islamabad,2018-11-21,7,8
Islamabad,2018-11-30,8,7
Islamabad,2018-12-09,5,6
Islamabad,2018-12-13,6,7
Islamabad,2018-12-24,6,7
Islamabad,2018-12-28,4,6
Islamabad,2019-01-06,5,9
Islamabad,2019-01-14,7,6
Islamabad,2019-01-16,5,4
Islamabad,2019-01-22,5,6
Islamabad,2019-02-01,5,8
Islamabad,2019-02-11,5,8
Islamabad,2019-02-13,5,7
Islamabad,2019-02-20,5,6
Islamabad,2019-02-28,4,7
Islamabad,2019-03-07,6,9
Islamabad,2019-03-18,5,8
Islamabad,2019-03-21,6,8
Islamabad,2019-03-31,8,9
Islamabad,2019-04-03,9,8
Islamabad,2019-04-09,8,9
Islamabad,2019-04-19,9,9
Islamabad,2019-04-24,8,9
Islamabad,2019-05-03,6,7
Islamabad,2019-05-12,7,7
Islamabad,2019-05-20,5,6
Islamabad,2019-05-25,6,6
Islamabad,2019-05-31,6,6
Islamabad,2019-06-08,4,5
Islamabad,2019-06-14,3,6
Islamabad,2019-06-18,2,7
Islamabad,2019-06-30,4,8
Islamabad,2019-07-05,5,8
Islamabad,2019-07-10,4,7
Islamabad,2019-07-19,4,7
Islamabad,2019-07-26,3,7
Islamabad,2019-08-04,5,7
Islamabad,2019-08-09,5,6
Islamabad,2019-08-14,4,7
Islamabad,2019-08-23,5,8
Islamabad,2019-08-29,3,6
Islamabad,2019-09-09,8,9
Islamabad,2019-09-13,6,8
Islamabad,2019-09-21,5,8
Islamabad,2019-09-24,6,8
Islamabad,2019-10-03,8,7
Islamabad,2019-10-10,7,8
Islamabad,2019-10-20,8,9
Islamabad,2019-10-26,9,10
Islamabad,2019-10-30,9,8
Islamabad,2019-11-09,6,7
Islamabad,2019-11-13,6,7
Islamabad,2019-11-25,6,8
Islamabad,2019-11-26,5,7
Islamabad,2019-12-05,4,7
Islamabad,2019-12-16,5,7
Islamabad,2019-12-23,6,7
Islamabad,2019-12-29,5,7
Islamabad,2020-01-02,4,7
Islamabad,2020-01-13,6,8
Islamabad,2020-01-17,3,4
Islamabad,2020-01-22,4,8
Islamabad,2020-01-28,5,4
Islamabad,2020-02-09,4,9
Islamabad,2020-02-13,6,8
Islamabad,2020-02-24,6,7
Islamabad,2020-02-26,8,7
Islamabad,2020-03-05,8,8
Islamabad,2020-03-12,7,8
Islamabad,2020-03-18,7,9
Islamabad,2020-03-27,8,6
Islamabad,2020-04-04,8,8
Islamabad,2020-04-08,8,7
Islamabad,2020-04-20,9,8
Islamabad,2020-04-27,9,6
Islamabad,2020-05-01,4,8
Islamabad,2020-05-05,7,7
Islamabad,2020-05-16,7,6
Islamabad,2020-05-21,7,7
Islamabad,2020-06-01,4,6
Islamabad,2020-06-02,5,10
Islamabad,2020-06-13,4,7
Islamabad,2020-06-20,5,9
Islamabad,2020-06-23,3,8
Islamabad,2020-06-30,4,9
Islamabad,2020-07-08,2,10
Islamabad,2020-07-18,4,7
Islamabad,2020-07-24,3,7
Islamabad,2020-08-03,6,7
Islamabad,2020-08-06,5,8
Islamabad,2020-08-13,5,8
Islamabad,2020-08-24,5,6
Islamabad,2020-08-30,4,6
Islamabad,2020-09-06,9,8
Islamabad,2020-09-11,7,7
Islamabad,2020-09-17,5,9
Islamabad,2020-09-25,5,7
Islamabad,2020-09-29,6,6
Islamabad,2020-10-10,8,7
Islamabad,2020-10-18,9,9
Islamabad,2020-10-24,9,8
Islamabad,2020-11-01,10,6
Islamabad,2020-11-07,8,7
Islamabad,2020-11-15,7,6
Islamabad,2020-11-23,6,6
Islamabad,2020-11-25,6,7
Islamabad,2020-12-02,6,8
Islamabad,2020-12-12,6,7
Islamabad,2020-12-20,6,6
Islamabad,2020-12-23,7,6
Islamabad,2021-01-01,6,5
Islamabad,2021-01-06,5,7
Islamabad,2021-01-16,5,7
Islamabad,2021-01-22,4,7
Islamabad,2021-01-26,4,7
Islamabad,2021-02-05,7,8
Islamabad,2021-02-10,7,9
Islamabad,2021-02-22,8,6
Islamabad,2021-03-01,7,9
Islamabad,2021-03-05,8,8
Islamabad,2021-03-11,8,8
Islamabad,2021-03-21,6,7
Islamabad,2021-03-25,7,8
Islamabad,2021-04-03,9,8
Islamabad,2021-04-11,10,7
Islamabad,2021-04-18,8,10
Islamabad,2021-04-21,9,8
Islamabad,2021-04-28,6,8
Islamabad,2021-05-04,8,7
Islamabad,2021-05-11,5,7
Islamabad,2021-05-24,6,5
Islamabad,2021-05-28,7,9
Islamabad,2021-06-03,2,8
Islamabad,2021-06-13,4,6
Islamabad,2021-06-15,4,7
Islamabad,2021-06-28,1,8
Islamabad,2021-07-01,4,7
Islamabad,2021-07-11,3,8
Islamabad,2021-07-16,5,7
Islamabad,2021-07-21,4,6
Islamabad,2021-08-01,4,8
Islamabad,2021-08-05,4,9
Islamabad,2021-08-16,4,7
Islamabad,2021-08-19,4,7
Islamabad,2021-08-29,3,8
Islamabad,2021-09-05,7,8
Islamabad,2021-09-13,7,7
Islamabad,2021-09-16,6,6
Islamabad,2021-09-22,8,7
Islamabad,2021-09-29,7,8
Islamabad,2021-10-06,9,10
Islamabad,2021-10-17,9,9
Islamabad,2021-10-24,9,10
Islamabad,2021-10-29,7,7
Islamabad,2021-11-05,5,6
Islamabad,2021-11-13,7,6
Islamabad,2021-11-22,8,5
Islamabad,2021-11-23,5,4
Islamabad,2021-12-06,5,8
Islamabad,2021-12-07,7,8
Islamabad,2021-12-15,6,6
Islamabad,2021-12-24,6,8
Islamabad,2021-12-30,5,8
Islamabad,2022-01-07,4,6
Islamabad,2022-01-15,4,7
Islamabad,2022-01-23,5,6
Islamabad,2022-01-30,4,7
Islamabad,2022-02-02,5,5
Islamabad,2022-02-08,6,7
Islamabad,2022-02-16,5,8
Islamabad,2022-02-25,5,7
Islamabad,2022-03-04,6,6
Islamabad,2022-03-11,7,8
Islamabad,2022-03-20,7,9
Islamabad,2022-03-25,7,9
Islamabad,2022-04-04,9,8
Islamabad,2022-04-10,8,7
Islamabad,2022-04-12,10,6
Islamabad,2022-04-25,8,10
Islamabad,2022-04-29,9,9
Islamabad,2022-05-07,6,6
Islamabad,2022-05-12,4,9
Islamabad,2022-05-21,6,9
Islamabad,2022-05-24,7,6
Islamabad,2022-06-04,6,7
Islamabad,2022-06-09,5,4
Islamabad,2022-06-16,1,5
Islamabad,2022-06-26,5,9
Islamabad,2022-06-29,2,8
Islamabad,2022-07-10,4,7
Islamabad,2022-07-18,4,9
Islamabad,2022-07-20,4,5
Islamabad,2022-08-01,4,7
Islamabad,2022-08-07,4,6
Islamabad,2022-08-13,4,6
Islamabad,2022-08-18,4,8
Islamabad,2022-08-27,3,7
Islamabad,2022-09-05,10,7
Islamabad,2022-09-06,8,8
Islamabad,2022-09-13,8,7
Islamabad,2022-09-22,6,7
Islamabad,2022-09-30,7,9
Islamabad,2022-10-09,9,7
Islamabad,2022-10-13,7,8
Islamabad,2022-10-19,8,8
Islamabad,2022-10-28,7,8
Islamabad,2022-11-04,7,6
Islamabad,2022-11-09,6,8
Islamabad,2022-11-17,7,8
Islamabad,2022-11-24,6,6
Islamabad,2022-12-04,6,7
Islamabad,2022-12-11,4,7
Islamabad,2022-12-15,5,8
Islamabad,2022-12-22,4,7
Islamabad,2022-12-27,7,7
Islamabad,2023-01-06,6,10
Islamabad,2023-01-13,4,7
Islamabad,2023-01-18,4,8
Islamabad,2023-01-30,5,4
Islamabad,2023-02-06,5,8
Islamabad,2023-02-07,4,9
Islamabad,2023-02-18,6,9
Islamabad,2023-02-24,5,7
Islamabad,2023-03-03,9,8
Islamabad,2023-03-08,9,8
Islamabad,2023-03-14,6,8
Islamabad,2023-03-26,9,9
Islamabad,2023-03-29,8,7
Islamabad,2023-04-05,8,8
Islamabad,2023-04-17,9,6
Islamabad,2023-04-19,10,9
Islamabad,2023-04-25,9,8
Islamabad,2023-05-07,7,9
Islamabad,2023-05-15,6,8
Islamabad,2023-05-17,5,6
Islamabad,2023-05-27,6,8
Islamabad,2023-06-05,4,5
Islamabad,2023-06-09,4,6
Islamabad,2023-06-18,3,7
Islamabad,2023-06-24,6,7
Islamabad,2023-06-27,4,8
Islamabad,2023-07-10,3,9
Islamabad,2023-07-13,4,5
Islamabad,2023-07-22,3,8
Islamabad,2023-07-30,1,8
Islamabad,2023-08-02,5,7
Islamabad,2023-08-12,4,7
Islamabad,2023-08-15,5,8
Islamabad,2023-08-28,4,7
Islamabad,2023-09-03,6,10
Islamabad,2023-09-08,7,8
Islamabad,2023-09-18,6,10
Islamabad,2023-09-23,9,7
Islamabad,2023-09-29,6,8
Islamabad,2023-10-07,10,9
Islamabad,2023-10-12,8,8
Islamabad,2023-10-18,8,9
Islamabad,2023-10-28,7,10
Islamabad,2023-11-03,6,7
Islamabad,2023-11-11,6,7
Islamabad,2023-11-14,6,8
Islamabad,2023-11-26,6,7
Islamabad,2023-11-29,6,8
Islamabad,2023-12-11,7,6
Islamabad,2023-12-13,5,6
Islamabad,2023-12-21,7,6
Islamabad,2023-12-26,6,7
Islamabad,2024-01-02,6,7
Islamabad,2024-01-14,6,7
Islamabad,2024-01-19,5,7
Islamabad,2024-01-29,5,7
Islamabad,2024-01-30,5,7
Islamabad,2024-02-11,4,9
Islamabad,2024-02-19,5,8
Islamabad,2024-02-20,6,8
Islamabad,2024-02-28,6,7
Islamabad,2024-03-10,9,6
Islamabad,2024-03-12,9,9
Islamabad,2024-03-21,8,10
Islamabad,2024-03-29,8,9
Islamabad,2024-04-07,10,8
Islamabad,2024-04-13,8,6
Islamabad,2024-04-16,9,7
Islamabad,2024-04-24,9,8
Islamabad,2024-05-06,7,9
Islamabad,2024-05-12,5,6
Islamabad,2024-05-16,6,9
Islamabad,2024-05-21,5,8
Islamabad,2024-05-28,6,8
Islamabad,2024-06-04,4,9
Islamabad,2024-06-13,3,9
Islamabad,2024-06-24,5,7
Islamabad,2024-06-26,6,7
Islamabad,2024-07-07,2,7
Islamabad,2024-07-12,5,8
Islamabad,2024-07-18,5,7
Islamabad,2024-07-24,5,7
Islamabad,2024-08-05,5,9
Islamabad,2024-08-12,4,6
Islamabad,2024-08-19,4,6
Islamabad,2024-08-25,4,8
Islamabad,2024-08-31,5,7
Islamabad,2024-09-08,8,8
Islamabad,2024-09-11,8,8
Islamabad,2024-09-23,7,9
Islamabad,2024-09-25,7,8
Islamabad,2024-10-04,8,8
Islamabad,2024-10-14,7,6
Islamabad,2024-10-16,9,5
Islamabad,2024-10-22,10,8
Islamabad,2024-10-31,8,6
Islamabad,2024-11-06,6,7
Islamabad,2024-11-14,7,7
Islamabad,2024-11-25,5,8
Islamabad,2024-12-01,7,7
Islamabad,2024-12-04,4,6
Islamabad,2024-12-10,4,7
Islamabad,2024-12-22,7,7
Islamabad,2024-12-26,8,7
Islamabad,2025-01-06,1,6
Islamabad,2025-01-09,4,7
Islamabad,2025-01-20,6,7
Islamabad,2025-01-24,5,6
Islamabad,2025-02-03,7,8
Islamabad,2025-02-04,5,9
Islamabad,2025-02-15,1,10
Islamabad,2025-02-19,6,7
Islamabad,2025-02-28,6,6
Islamabad,2025-03-05,7,7
Islamabad,2025-03-12,6,7
Islamabad,2025-03-20,7,7
Islamabad,2025-03-27,8,6
Islamabad,2025-04-05,9,8
Islamabad,2025-04-10,9,9
Islamabad,2025-04-16,8,8
Islamabad,2025-04-24,8,8
Islamabad,2025-04-29,8,7
Islamabad,2025-05-11,6,9
Islamabad,2025-05-17,4,7
Islamabad,2025-05-23,6,5
Islamabad,2025-05-31,6,8
Islamabad,2025-06-03,3,7
Islamabad,2025-06-14,3,7
Islamabad,2025-06-21,3,7
Islamabad,2025-06-24,2,6
Islamabad,2025-07-05,4,6
Islamabad,2025-07-09,3,7
Islamabad,2025-07-19,2,8
Islamabad,2025-07-28,4,8
Islamabad,2025-07-29,3,7
Islamabad,2025-08-07,5,6
Islamabad,2025-08-14,4,7
Islamabad,2025-08-21,5,7
